"Test","Status","SoCCount","CPUCount","Commit","CommitPerScoreCycle","ICacheMiss","DCacheMiss","MemoryInst","BranchInst","BranchPred","BranchMispred","MispredRate"
"bitcount","PASS","28174","25114","48368","1.92593772397866","282","56","9396","10549","10220","1013","0.0960280595317092"
"bubble_sort","PASS","178210","161850","114900","0.709916589434662","224","84","68313","31293","31024","4760","0.152110695682741"
"coremark","PASS","446188","404385","392530","0.970683877987561","2604","145","119690","86202","84069","11457","0.132908749216956"
"crc32","PASS","197008","178957","193490","1.08120945255005","362","74","52941","89210","88882","1062","0.01190449501177"
"dhrystone","PASS","9779","8558","163797","19.1396354288385","1375","224","52120","52482","51123","6545","0.12470942418353"
"quick_sort","PASS","251438","227879","161612","0.709200935584235","257","273","38034","45326","44982","9227","0.203569695097736"
"select_sort","PASS","86804","78753","96388","1.22392797734689","221","83","28318","31113","30848","2072","0.0665959566740591"
"sha","PASS","196187","177654","203930","1.14790547918989","794","96","72543","41033","40558","1743","0.042478005507762"
"stream_copy","PASS","38248","33876","31947","0.943057031526745","219","187","12182","7915","7688","598","0.0755527479469362"
"stringsearch","PASS","53207","41944","302135","7.20329486934961","2832","122","107999","91667","89698","12298","0.134159512147229"
"fireye_A0","PASS","3425865","3113544","549126","0.176366866824429","246","15334","235969","46311","46031","767","0.0165619399278789"
"fireye_B2","PASS","68020","61340","55586","0.906194978806651","295","159","12227","14312","13952","1397","0.0976103968697596"
"fireye_C0","PASS","266289","241198","157795","0.654213550692792","295","272","47556","26643","26316","3511","0.131779454265661"
"fireye_D1","PASS","599177","543646","423687","0.779343543408762","284","1897","136426","124538","124235","2880","0.0231254717435642"
"fireye_I2","PASS","307922","278867","303057","1.08674385997626","378","108","79224","101154","100569","2750","0.0271862704391324"
"inner_product","PASS","1370802","1245307","469306","0.376859681990063","266","4407","205504","79959","79671","699","0.00874198026488575"
"lookup_table","PASS","253440","228986","150744","0.658310988444708","432","489","48045","16842","16415","761","0.0451846574041088"
"loop_induction","PASS","853972","775449","549426","0.708526286061366","238","2075","141041","128344","128050","694","0.00540734276631553"
"my_memcmp","PASS","288083","261021","153562","0.588312817742634","226","879","59526","62992","62688","603","0.00957264414528829"
"minmax_sequence","PASS","307929","278861","277010","0.993362284435615","524","97","68533","69702","68366","2330","0.0334280221514447"
