"Index","Benchmark","Status","SocHex","SocCount","CpuHex","CpuCount","TimeMs","Commit","Memory","Branch","BranchMispredict","ICacheMiss","DCacheMiss","Cycle","DualCommitCycle","NoCommitCycle","RobFullCycle","FetchEmptyCycle","IPC","DualPct"
"1","bitcount","NOT_RUN","-",,"-",,,,,,,,,,,,,,,
"2","bubble_sort","NOT_RUN","-",,"-",,,,,,,,,,,,,,,
"3","coremark","PASS","0x6ceec","446188","0x62ba1","404385","4.46188",,,,,,,,,,,,,
"4","crc32","NOT_RUN","-",,"-",,,,,,,,,,,,,,,
"5","dhrystone","NOT_RUN","-",,"-",,,,,,,,,,,,,,,
"6","quick_sort","NOT_RUN","-",,"-",,,,,,,,,,,,,,,
"7","select_sort","NOT_RUN","-",,"-",,,,,,,,,,,,,,,
"8","sha","NOT_RUN","-",,"-",,,,,,,,,,,,,,,
"9","stream_copy","NOT_RUN","-",,"-",,,,,,,,,,,,,,,
"10","stringsearch","NOT_RUN","-",,"-",,,,,,,,,,,,,,,
"11","fireye_A0","NOT_RUN","-",,"-",,,,,,,,,,,,,,,
"12","fireye_B2","NOT_RUN","-",,"-",,,,,,,,,,,,,,,
"13","fireye_C0","NOT_RUN","-",,"-",,,,,,,,,,,,,,,
"14","fireye_D1","NOT_RUN","-",,"-",,,,,,,,,,,,,,,
"15","fireye_I2","NOT_RUN","-",,"-",,,,,,,,,,,,,,,
"16","inner_product","NOT_RUN","-",,"-",,,,,,,,,,,,,,,
"17","lookup_table","NOT_RUN","-",,"-",,,,,,,,,,,,,,,
"18","loop_induction","NOT_RUN","-",,"-",,,,,,,,,,,,,,,
"19","my_memcmp","NOT_RUN","-",,"-",,,,,,,,,,,,,,,
"20","minmax_sequence","NOT_RUN","-",,"-",,,,,,,,,,,,,,,
