"Test","BaselineCPU","CandidateCPU","CPUCycleReductionPct","BaselineSoC","CandidateSoC","SoCCycleReductionPct","BaselineBranchMispred","CandidateBranchMispred","BranchMispredReductionPct"
"bitcount","23517","23517","0","26393","26393","0","836","836","0"
"bubble_sort","158307","158307","0","174267","174267","0","4755","4755","0"
"coremark","372225","372225","0","409980","409980","0","9458","9458","0"
"crc32","178432","178432","0","196404","196404","0","928","928","0"
"dhrystone","8175","8175","0","9526","9526","0","5156","5156","0"
"quick_sort","215362","215362","0","237837","237837","0","9028","9028","0"
"select_sort","73824","73824","0","81335","81335","0","1712","1712","0"
"sha","173585","173585","0","191273","191273","0","1334","1334","0"
"stream_copy","33648","33648","0","37748","37748","0","503","503","0"
"stringsearch","31317","31317","0","48362","48362","0","11534","11534","0"
"fireye_A0","3111710","3111710","0","3424226","3424226","0","620","620","0"
"fireye_B2","58573","58573","0","64960","64960","0","1173","1173","0"
"fireye_C0","235268","235268","0","259917","259917","0","3348","3348","0"
"fireye_D1","538189","538189","0","593353","593353","0","2617","2617","0"
"fireye_I2","274931","274931","0","303578","303578","0","2536","2536","0"
"inner_product","1239807","1239807","0","1364525","1364525","0","547","547","0"
"lookup_table","226495","226495","0","250682","250682","0","662","662","0"
"loop_induction","774959","774959","0","853414","853414","0","511","511","0"
"my_memcmp","259183","259183","0","285839","285839","0","452","452","0"
"minmax_sequence","268503","268503","0","296520","296520","0","1544","1544","0"
